id,eng,afr,nso,eng_pos_or_descriptor,eng_pos_or_descriptor_info,afr_pos_or_descriptor,afr_pos_or_descriptor_info,nso_pos_or_descriptor,nso_pos_or_descriptor_info
up_glossary_campus_0,Administration,Administrasie,,Groenkloof,Department of Enrolment and Student Administration (DESA) Education General Facilities Management Postal Services Security Services Unit for Distance Education,Groenkloof,Departement Toelating en Studenteadministrasie Opvoedkunde Algemeen Fasiliteitebestuur Posdienste Veiligheidsdienste Eenheid vir Afstandsonderrig,,"Kgoro ya Ngwadiso le Taolo ya
Baithuti (DESA)
Thuto ya Kakareto
Taolo ya Dinolofati
Ditirelo tsa Poso
Ditirelo tsa Tshireletso
Lekala la Thuto ya Kgole"
up_glossary_campus_1,Boma,Boma,,Groenkloof,Facilities Management and Administration,Groenkloof,Fasiliteitebestuur en Administrasie,,Taolo ya Dinolofati le Taolo
up_glossary_campus_2,Club House west of Principal's House,Klubhuis wes van Rektorswoning,,Groenkloof,Facilities Management and Administration,Groenkloof,Fasiliteitebestuur en Administrasie,,Taolo ya Dinolofatsi le Taolo
up_glossary_campus_3,Dining Hall,Eetsaal,,Groenkloof,Hostel Food Production and Serving,Groenkloof,Koshuisvoedselproduksie en -bediening,,"Tsweletso ya Dijo tsa Bodulo bja
Baithuto le Go sola"
up_glossary_campus_4,Flats,Woonstelle,,Groenkloof,Facilities Management,Groenkloof,Fasiliteitebestuur,,Taolo ya Dinolofatsi
up_glossary_campus_5,Groenkloof Sports Pavilion,Groenkloof- sportpawiljoen,,Groenkloof,Property Management: Theatres and Halls,Groenkloof,Eiendomsbestuur: Teaters en Sale,,"Taolo ya Thoto: Ditheetha le
Diholo"
up_glossary_campus_6,Guard House,Waghuis,,Groenkloof,Security Services,Groenkloof,Veiligheidsdienste,,Ditirelo tsa Tshireletso
up_glossary_campus_7,Kentucky Club House,Kentucky- klubhuis,,Groenkloof,Facilities Management and Administration,Groenkloof,Fasiliteitebestuur en Administrasie,,Taolo ya Dinolofati le Taolo
up_glossary_campus_8,Matron's Quarters,Matronekwartiere,,Groenkloof,Staff,Groenkloof,Personeelhuise,,Badirisani
up_glossary_campus_9,Media Centre,Mediasentrum,,Groenkloof,Centre for Evaluation and Assessment Exhibition spaces Library Services Reserved Space: Academic Peace Parks spaces,Groenkloof,Sentrum vir Evaluering en Assessering Uitstalruimtes Biblioteekdienste Reserweruimte: Akademies Vredesparkeruimtes,,"Senthara ya Tekolo/ le
Kelo/Tekanyo
Dikgoba tsa Dipontsho
Ditirelo tsa Bokgobapuku
Sekgoba seo se Lotilwego:
Dikgoba tsa Diphaka tsa Khuto
ya Thuto"
up_glossary_campus_10,Multi Purpose,Aldoel,,Groenkloof,"Arts, Languages, Human Movement Studies Education Campus Enterprises Central Computer Laboratory Complex Curriculum Studies Director: Information Technology Services Early Childhood Education Education Education General Education Innovation Studio Education Management and Policy Studies Educational Psychology Facilities Management Information Technology Services Minolta Science, Mathematics and Technology Education Social Studies Education Unit for Distance Education",Groenkloof,"Kunste-, Tale-, Menslikebeweging- studieonderwys Kampusmaatskappye Sentrale Rekenaarlaboratorium- kompleks Kurrikulumstudies Direkteur: Inligtingtegnologiediens Vroee Kinderonderwys Opvoedkunde Opvoedkunde Algemeen Ateljee Onderwysinnovasie Onderwysbestuur en - beleidstudies Opvoedkundige Sielkunde Fasiliteitebestuur Inligtingtegnologiedienste Minolta Wetenskap-, Wiskunde- en Tegnologieonderwys Sosialestudie-onderwys Eenheid vir Afstandsonderrig",,"Thuto ya Bokgabo,
Dipolelo/Maleme, Dithuto tsa
Mosepelo wa Motho
Dikgwebo tsa Khamphase
Meago ya Laporotori ya
Dikhomphutha tsa Gare
Dithuto tsa Lenaneothuto
Molaodimogolo: Ditirelo tsa
Theknololotsi ya Tshedimoso
Thuto ya Bobjana bja Pele
Thuto
Thuto
Thuto ya Kakareto
Studio sa/Phaposi ya
Boithomelo/Kaonafatso/Mpshafat
so/Tweletsopele/Tlhabollo ya
Thuto
Taolo ya Thuto le Dithuto tsa
Dipholisi
Saekoloti ya Thuto
Taolo ya Dinolofati
Ditirelo tsa Theknoloti ya
Tshedimoso tsa
Minolta
Saense, Mmetse le Thuto ya
Theknoloti
Thuto ya Dithuto tsa Leago
Lekala la Thuto ya Kgole"
up_glossary_campus_11,Natural Sciences,Natuurwetenska ppe,,Groenkloof,"Science, Mathematics and Technology EducationSouth African College for Teacher Education (SACTE) TuksSport High School",Groenkloof,"Wetenskap-, Wiskunde- en TegnologieonderwysSuid-Afrikaanse Kollege vir Onderwysersopleiding (SACTE) TuksSport High School",,"Saense, Mmetse le Thuto ya
TheknolotiKholetshe ya Thuto ya Barutsi ya
Afrika Borwa (SACTE)
TuksSport High School"
up_glossary_campus_12,Normal Hall and Auditorium,Normaalsaal en Ouditorium,,Groenkloof,"School for Teacher Education Art, Languages, Human Movement Study Education Central Laboratory Complex Facilities Management Jacaranda Children's Choir Stepp",Groenkloof,"Skool vir Onderwysersopleiding Kunste-, Tale-, Menslikebeweging- studieonderwys Sentrale Rekenaarlaboratorium- kompleks Fasiliteitebestuur Jakaranda Kinderkoor Stepp",,"Sekolo sa Thuto ya Barutii,
Bokgabo, Dipolelo/Maleme, Thuto
ya Dithuto tsa Mosepelo wa
Motho
Meago ya Laporotori ya Gare
Dinolofati tsa Taolo
Khwaere ya Bana ya Jacaranda
Stepp"
up_glossary_campus_13,Old SACTE,Ou SACTE,,Groenkloof,South African College for Teacher Education (SACTE),Groenkloof,Suid-Afrikaanse Kollege vir Onderwysersopleiding (SACTE),,"Kholetshe ya Thuto ya Barutsi ya
Afrika Borwa
(SACTE)"
up_glossary_campus_14,Principal's House,Rektorswoning,,Groenkloof,Facilities Management,Groenkloof,Fasiliteitebestuun,,Dinolofati tsa Taolo
up_glossary_campus_15,Registrar's House,Registrateurswo ning,,Groenkloof,Experimental Farm Manager,Groenkloof,Proefplaasbestuurder,,Molaodi wa Polase ya Diteko
up_glossary_campus_16,Sport Centre,Sportsentrum,,Groenkloof,"Art, Languages, Human Movement Study Education Facilities Management Reserved Spaces Student Affairs TuksSport High School",Groenkloof,"Kunste-, Tale-, Menslikebeweging- studieonderwys Fasiliteitebestuur Reserweruimtes Studentesake TuksSport High School",,"Bokgabo, Dipolelo, Thuto ya
Dithuto tsa Mosepelo wa Motho
Taolo ya Dinolofati
Dikgoba tseo di Lotilwego
Merero ya Baithuti
TuksSport High School"
up_glossary_campus_17,Student Centre,Studentesentrum,,Groenkloof,Desmondi Education Education General Facilities Management Reserved Spaces,Groenkloof,Desmondi Opvoedkunde Opvoedkunde Algemeen Fasiliteitebestuur Reserweruimtes,,"Desmondi
Thuto
Thuto ya Kakareto
Taolo ya Dinolofati
Dikgoba tseo di Lotilwego"
up_glossary_campus_18,Technical Services,Tegniese Dienste,,Groenkloof,Facilities Management Reserved spaces,Groenkloof,Fasiliteitebestuur Reserweruimtes,,"Taolo ya Dinolofati
Dikgoba tseo di Lotilwego"
up_glossary_campus_19,Tegnika,Tegnika,,Groenkloof,"Science, Mathematics and Technology Education Reserved Space AcademicSchool for Teacher Education TuksSport High School",Groenkloof,"Wetenskap-, Wiskunde- en Tegnologieonderwys Reserweruimte AkademiesSkool vir Onderwysopleiding TuksSport High School",,"Saense, Mmetse le Thuto ya
Theknoloti
Dikgoba tseo di Lotilwego
ThutoSekolo sa Thuto ya Barutisi
TuksSport High School"
up_glossary_campus_20,Administration,Administrasie,,Hatfield,Generally known as 'The Ship' Academic Administration Bureau for Institutional Research and Planning Executive Management Finance Human Resources Information Technology Services Legal Services Postal Services Procurement Rectorate Security Services Student Accounts Systems Renewal University Relations UP Staff Association,Hatfield,Algemeen bekend as 'Die Skip' Akademiese Administrasie Buro vir Institusionele Navorsing en Beplanning Hoofbestuur Finansies Menslike Hulpbronne Inligtingtegnologiedienste Regsdienste Posdienste Verkryging Rektoraat Veiligheidsdienste Studenterekeninge Sisteemvernuwing Universiteitsbetrekkinge UP-personeelvereniging,,"Ka kakareto e tsebega bjalo
ka 'Sekepe'
Taolo ya Thuto
Biro ya Dinyakisiso/Diphatisiso
le Peakanyo tsa Institusene
Taolophethisi
Matlotlo/Ditshelete
Methopo ya Batho
Ditirelo tsa Theknoloti ya
Tshedimoso
Ditirelo tsa Molao
Ditirelo tsa Poso
Kgokaganyo ya go hwetsa le
go reka diphahlo le ditirelo
Ofisi/Kantoro ya Morektoro
Ditirelo tsa Tshireletso
Diakhaonte/Ditshupatlotlo tsa
Baithuti
Mpshafato ya Dipeakanyo
Dikamano tsa Yunibesithi
Lekgotia/Mokgatlo la/wa
Badirisani ba UP"
up_glossary_campus_21,AE du Toit Auditorium,AE du Toit-ouditorium,,Hatfield,,Hatfield,,,
up_glossary_campus_22,Agricultural Annexe,Landbou-anneks,,Hatfield,"Agricultural Economics, Extension and Rural Development",Hatfield,"Landbou-ekonomie, Voorligting en Landelike Ontwikkeling",,"Diekonomi tsa Temo, Katoloo
le Tweletsopele/Kaonafatso/
Tlhabollo ya Dinagamagae"
up_glossary_campus_23,Agricultural Sciences,Landbouwetenskappe,,Hatfield,Agricultural and Food Engineering Animal and Wildlife Sciences Dean: Natural and Agricultural Sciences Biochemistry Genetics Microbiology and Plant Pathology Natural and Agricultural Sciences Plant Production and Soil Science,Hatfield,Landbou- en Voedselingenieurswese Vee- en Wildlewekunde Dekaan: Natuur- en Landbouwetenskappe Biochemie Genetika Mikrobiologie en Plantpatologie Natuur- en Landbouwetenskappe Plantproduksie en Grondkunde,,"Boentsenere bja Temo le Dijo
Disaense tsa Diphoofolo le
Bophelo bja Lesoka Hlogo ya Lefapha: Disaense
tsa Tlhago le Temo
Payokhemistri
Leabela
Maekropayolotsi le Phatholoti
ya Dimela
Disaense tsa Tlhago le Temo
Tsweletso ya Dimela le
Saense ya Mabu"
up_glossary_campus_24,Aula,Aula,,"and
Rautenbach
Hall / Hatfield",Property Management: Theatres and Halls,"en
Rautenbachsaal / Hatfield",Eiendomsbestuur: Teaters en Sale,,"Taolo ya Thoto: Ditheetha le
Diholo"
up_glossary_campus_25,Aula Lower foyer,Aula Onderste foyer,,Hatfield,,Hatfield,,,
up_glossary_campus_26,Bateman,Bateman,,Hatfield,Laboratories,Hatfield,Laboratoriums,,Dilaporotori
up_glossary_campus_27,Botany,Plantkunde,,Hatfield,Laboratories,Hatfield,Laboratoriums,,Dilaporotori
up_glossary_campus_28,Botany Greenhouse,Plantkunde-kweekhuis,,Hatfield,Plant Science,Hatfield,Plantkunde,,Saense ya Dimela
up_glossary_campus_29,Building Science,Boukunde,,Hatfield,Architecture,Hatfield,Argitektuur,,Thutaboagi
up_glossary_campus_30,Castiletto,Castiletto,,Hatfield,Student Affairs,Hatfield,Studentesake,,Merero ya Baithuti
up_glossary_campus_31,Centenary,Eeufees,,Hatfield,Lecture Hall Complex,Hatfield,Lesingsaalkompleks,,Meago ya Diphaposiborutelo
up_glossary_campus_32,Chancellor's,Kanseliers,,Hatfield,Lecture Halls,Hatfield,Lesingsale,,Diphaposiborutelo
up_glossary_campus_33,Change rooms and store,Verkleegeriewe en stoor,,Hatfield,Security Services,Hatfield,Veiligheidsdienste,,Ditirelo tsa Tshireletso
up_glossary_campus_34,Chapel at Tukkiewerf,Kapel by Tukkiewerf,,Hatfield,Student Development,Hatfield,Studenteontwikkeling,,"T*weletsopele/Kaonafatso/Tlh
abollo ya Baithuti"
up_glossary_campus_35,Chemistry,Chemie,,Hatfield,Chemistry,Hatfield,Chemie,,Khemistri
up_glossary_campus_36,Client Service Centre,Klientedienssentrum,,"CSC / Note that name
of building
remains
unchanged until
further notice / Hatfield",Also known as the 'Fish Bowl' Department of Enrolment and Student Administration (DESA),"KDS / Let wel:
gebounaam bly
onveranderd tot
verdere kennisgewing / Hatfield",Ook bekend as die 'Vistenk' Departement Toelating en Studenteadministrasie (DTSA),,"E tsebega gape bjalo ka
'Sebjana sa Hlapi' Kgoro ya
Ngwadiso le Taolo ya Baithuti,"
up_glossary_campus_37,Club Hall,Klubsaal,,Hatfield,Club Hall Restaurant (Burgundy's) Music,Hatfield,Klubsaalrestaurant (Burgundy's) Musiek,,"Restorante ya Holo ya
Sehlopha (Burgandy's)
Mmino"
up_glossary_campus_38,Communication Pathology,Kommunikasie- patologie,,Hatfield,Centre for Augmentative and Alternative Communication Cochlear Implant Unit Communication Pathology Hugo Louw Marchetti Mercer Incorporated,Hatfield,Sentrum vir Aanvullende en Alternatiewe Kommunikasie Kogleêre Inplantingseenheid Kommunikasiepatologie Hugo Louw Marchetti Mercer Geinkorporeer,,"Senthara ya Kgokagano ya
Katoloso le
Tlhatlolano/Tshielano
Lekala la Pallolo ya
Kgopanatsebe
Phatholoti ya Dikgokagano
Kopanyo ya Hugo Louw
Marchetti Mercer"
up_glossary_campus_39,Conference Centre,Konferensiesentrum,,"Sanlam
Auditorium, SSR
Auditorium / Hatfield",,"Sanlam-ouditorium,
SSR-ouditorium / Hatfield",,,
up_glossary_campus_40,Corn Council Greenhouse,Koringraad-glashuis,,Hatfield,Plant Production and Soil Science,Hatfield,Plantproduksie en Grondkunde,,"Tsweletso ya Dimela le
Saense ya Mabu"
up_glossary_campus_41,Cum Laude Informal Student Housing,Cum Laude Informele Studentebehuising,,Hatfield,Student Housing,Hatfield,Studentebehuising,,Madulo a Baithuti
up_glossary_campus_42,Dan's Place,Dan's Place,,Hatfield,Student Affairs,Hatfield,Studentesake,,Merero ya Baithuti
up_glossary_campus_43,Drama,Drama,,Hatfield,Drama,Hatfield,Drama,,Terama/Tiragatso
up_glossary_campus_44,Duxbury Road Buildings,Duxburyweggeboue,,Hatfield,Rental Houses (Facilities and Services),Hatfield,Huurhuise (Fasiliteite en Dienste),,"Dintlo tsa go Rentiwa
(Dinolofati le Ditirelo)"
up_glossary_campus_45,Economic and Management Sciences,Ekonomiese en Bestuurswetenskappe,,Hatfield,Accountancy Auditing Business Management Economics Economic and Management Sciences,Hatfield,Rekeningkunde Ouditkunde Ondernemingsbestuur Ekonomie Ekonomiese en Bestuurswetenskappe,,"Thutatshupatlotlo
Go hlakisa
Taolo ya Kgwebo
Diekonomi
Disaense tsa Ekonomi le Taolo"
up_glossary_campus_46,Engineering 1,Ingenieurswese 1,,Hatfield,"Chemical Engineering Civil Engineering Dean: Faculty of Engineering, Built Environment and Information Technology Electric, Electronic and Computer Engineering Institute for Technological Innovation Mechanical and Aeronautical Engineering",Hatfield,"Chemiese Ingenieurswese Siviele Ingenieurswese Dekaan: Fakulteit Ingenieurswese, Bou-omgewing en Inligtingtegnologie Elektriese, Elektroniese en Rekenaaringenieurswese Instituut vir Tegnologiese Innovasie Meganiese en Lugvaartkundige Ingenieurswese",,"Boentsenere bja Dikhemikhale
Boentsenere bja Segae
Hlogo ya Lefapha: Lefapha la
Boentsenere, Tikologo ya
Kago le Theknoloti ya
Tshedimoso
Mohlagase, Elektroniki le
Boentsenere bja Khomphutha
Insitute ya Boithomelo/
Kaonafatso/Mpshafatso/
Tsweletsopele ya Theknoloti
Boentsenere bja Semotshene
le Aeronathikale"
up_glossary_campus_47,Engineering 2,Ingenieurswese 2,,Hatfield,Chemical Engineering laboratories Graduate School of Technology Management Engineering and Technology Management Industrial and Systems Engineering,Hatfield,Chemiese Ingenieurswese- laboratoriums Nagraadse Skool vin Tegnologiebestuur Ingenieurs- en Tegnologiebestuur Bedryfs- en Sisteemingenieurswese,,"Dilaporotori tsa Boentsenere
bja Dikhemikhale
Sekolo sa Dialoga sa Taolo ya
Theknoloti
Taolo ya Boentsenere le
Theknoloti
Boentsenere bja Intasteri le
Dipeakanyo"
up_glossary_campus_48,Engineering 3,Ingenieurswese 3,,Hatfield,"Electric, Electronic and Computer Engineering, Mechanical and Aeronautical Engineering",Hatfield,"Elektriese, Elektroniese en Rekenaaringenieurswese Meganiese en Lugvaartkundige Ingenieurswese",,"Mohlagase, Elektroniki le
Boentsenere bja Khomphutha Boentsenere bja Semotshene
le Aeronathikale"
up_glossary_campus_49,Engineering 3 Parkade,Ingenieurswese 3- parkade,,Hatfield,Parkade,Hatfield,Parkade,,Bophako
up_glossary_campus_50,FABI 1,FABI 1,,Hatfield,Plant Biotechnology,Hatfield,Plantbiotegnologie,,Payotheknoloti ya Dimela
up_glossary_campus_51,FABI 2,FABI 2,,Hatfield,Plant Biotechnology,Hatfield,Plantbiotegnologie,,Payotheknolotsi ya Dimela
up_glossary_campus_52,FABI Square,FABI-vierkant,,FABI 2 / Hatfield,FABI Plant Biotechnology,FABI 2 / Hatfield,FABI Plantbiotegnologie,,"Payotheknolotsi ya Dimela ya
FABI"
up_glossary_campus_53,Geography,Geografie,,Hatfield,"Centre for Environmental Studies (CFES) Geography, Geo- informatics and Meteorology Unit for Geoinformatics and Mapping",Hatfield,"Sentrum vir Omgewingstudies (SOS) Geografie, Geo-informatika en Meteorologie Eenheid vir Geoinformatika en Kartering",,"Senthara ya Dithuto tsa
Tikologo
Thutafase, Tshedimoo ya
thutafase le Meteorolotsi
Lekala la Tshedimoo ya
thutafase le Peakanyo"
up_glossary_campus_54,Graduate Centre,Nagraadse Sentrum,,Hatfield,BE at UP; CE at UP; Bureau for Microfinance; Enterprises at the University of Pretoria Trust (E at UP); TuksMobi,Hatfield,BE at UP; CE at UP; Buro vir Mikrofinansies; Enterprises at the University of Pretoria Trust (E at UP); TuksMobi,,"BE at UP, CE at UP, Biro ya
Ditshelete tse dinyenyane;
Dikgwebo mo Traseteng ya
Yunibesithi ya
Pretoria (E at UP). TuksMobi"
up_glossary_campus_55,Heavy Machinery Laboratory A,Swaarmasjien- laboratorium A,,Hatfield,"Electrical, Electronic and Computer Engineering Mechanical and Aeronautical Engineering",Hatfield,"Elektriese, Elektroniese en Rekenaaringenieurswese Meganiese en Lugvaartkundige Ingenieurswese",,"Boentsenere bja Khomphutha,
Mohlagase le Elektroniki le
Boentsenere bja Semotshene
le Aeronathikale"
up_glossary_campus_56,Heavy Machinery Laboratory B,Swaarmasjien- laboratorium B,,Hatfield,Civil and Biosystems Engineering Mechanical and Aeronautical Engineering Mining Engineering,Hatfield,Siviele en Biosisteemingenieurswese Meganiese en Lugvaartkundige Ingenieurswese Mynbou-ingenieurswese,,"Boentsenere bja Segae le
Dipeakanyo tsa
Payolotsi/Thutaphedi/Mekgwa
ya Payolotsi/Thutaphedi le
Boentsenere bja Semotshene
le Aeronathikale Boentsenere bja Meepo"
up_glossary_campus_57,Huis en Haard,Huis en Haard,,Hatfield,Adler Restaurant Centre for the Study of Aids Huis en Haard Cafeteria Huis en Haard Restaurant UP Employers' Organisation,Hatfield,Adler-restaurant Sentrum vin die Studie van Vigs Huis en Haard-kafeteria Huis en Haard-restaurant UP-werknemersorganisasie (UPWO),,"Restorante ya Adler
Senthara ya Dithuto tsa Aids
Khaftheria ya Huis en Haard
Restorante ya Huis en Haard
Mokgatlo wa
Bathwadi/Bengmosomo ba UP"
up_glossary_campus_58,Humanities,Geesteswetenskappe,,Hatfield,Client Service Centre Humanities Afrikaans African Languages Information Science English Social Work and Criminology Modern European Languages Ancient Languages Psychology Sociology Philosophy Political Sciences Historical and Heritage  Studies Anthropology and Archaeology Humanities: Administration Business Management Unit for Academic Literacy Centre for Academic Development Programmes Centre for Business and Professional Ethics UP Archive Gender Resource Centre Reserve Spaces Centre for Indigenous Knowledge,Hatfield,Klientedienssentrum Geesteswetenskappe Afrikaans Afrikatale Inligtingkunde Engels Maatskaplike Werk en Kriminologie Moderne Europese Tale Antieke Tale Sielkunde Sosiologie Filosofie Politieke Wetenskappe Historiese en Erfenisstudies  Antropologie en Argeologie Geesteswetenskappe: Administrasie Ondernemingsbestuur Eenheid vin Akademiese Geletterdheid Sentrum vir Akademiese Ontwikkelingsprogramme Sentrum vir Sake- en Professionele Etiek UP Argief Genderhulpbronsentrum Reserweruimtes Sentrum vir Inheemse Kennis,,"Senthara ya Ditirelo tsa
Badirelwa
Bomotho
Seafrikanse
Dipolelo tsa Seafrika/Maleme
a Seafrika/Maleme a
Bathobaso/Dipolela tsa
Bathobaso
Saense ya Tshedimoso
Seisemane
Modiro wa
Leago/Bodirelaago le
Bosenyi
Dipolelo tsa Sebjalebjale tsa
Yuropa/Maleme a Sebjalebjale
a Yuropa
Dipolelo tsa
Bogologolo/Maleme a
Bogologolo
Saekoloti
Sosioloti
Filosofi
Disaense tsa Polotiki
Dithuto tsa Histori le Bohwa Antropolotsi le Akhioloti
Bomotho: Taolo
Taolo ya Kgwebo
Lekala la Dithuto tsa
Tsebotlhaka
Senthara ya Mananeo a Thuto
a Tweletsopele/Kaonafatso
/Tlhabollo
Senthara ya Kgwebo le
Boitshwaro bja
Profesene/Bokgoni
Bolotadingwalwa bja UP
Senthara ya Mothopo wa Bong
Dikgoba tse di Lotilwego
Senthara ya Tsebo ya Setso"
up_glossary_campus_59,Information Technology,Inligtingtegnologie,,Hatfield,Postgraduate School of Agriculture and Rural Development Statistics Informatics Computer Science Information Science Education Innovation,Hatfield,Nagraadse Skool vir Landbou en Landelike Ontwikkeling Statistiek Informatika Rekenaarwetenskap Inligtingwetenskap Onderwysinnovasie,,"Sekolo sa Dialogadigolwane
sa Temo le Tsweletsopele
/Kaonafatso/Tlhabollo ya
Dipolaseng
Dipalopalo
Tshedimoso
Saense ya Dikhomphutha
Saense ya Tshedimoso
Tsweletsopele/
Kaonafatso/Mpshafatso/
Tlhabollo ya Thuto"
up_glossary_campus_60,Institute for International and Comparative Law in Africa,Instituut vir Internasionale Reg en Regsvergelyking in Afrika,,Hatfield,"Legal History, Comparative Law and Philosophy of Law Christo Coetzee museum",Hatfield,"Regsgeskiedenis, Regsvergelyking en Regsfilosofie Christo Coetzee-museum",,"Histori ya Molao, Molao wa
Papetão le Filosofi ya Molao
Museamo wa Christo Coetzee"
up_glossary_campus_61,Jakaranda Informal Student Housing,Jakaranda Informele Studentebehuising,,Hatfield,Jakaranda,Hatfield,Jakaranda,,Jakaranda
up_glossary_campus_62,JJ Theron Lecture Hall,JJ Theron-lesingsaal,,Hatfield,,Hatfield,,,
up_glossary_campus_63,Kamma Kamma,Kamma Kamma,,Hatfield,Student Affairs,Hatfield,Studentesake,,Merero ya Baithuti
up_glossary_campus_64,Kya Rosa,Kya Rosa,,Hatfield,Alumni Relations,Hatfield,Alumniverhoudinge,,"Dikamano tsa Baithuti ba
maloba"
up_glossary_campus_65,Law,Regsgeleerdheid,,Hatfield,"Centre for Human Rights Law: Administration Legal History, Comparative Law and Philosophy of Law Mercantile Law Oliver R Tambo Law Library Private Law Procedural Law Public Law",Hatfield,"Sentrum vir Menseregte Regsgeleerdheid: Administrasie Regsgeskiedenis, Regsvergelyking en Regsfilosofie Handelsreg Oliver R Thambo-regsbiblioteek Privaatreg Prosesreg Publiekreg",,"Senthara ya Molao wa
Ditokelo tsa Batho: Taolo
Histori ya Molao, Molao wa
Papetão le Filosofi ya Molao
Molao wa Kgwebo
Bokgobapuku bja Molao bja
Oliver R Tambo
Molao wa Praebete
Molao wa Tshepedio
Molao wa Bohle"
up_glossary_campus_66,Law Clinic,Regskliniek,,"House A, B,
C, D / Hatfield",Law Clinic,"Huis A, B,
C, D / Hatfield",Regskliniek,,Kliniki ya Molao
up_glossary_campus_67,Lien and Bok Theatres,Lier- en Bokteaters,,Hatfield,Drama,Hatfield,Drama,,Terama/Tiragatio
up_glossary_campus_68,Loeloeraai,Loeloeraai,,Hatfield,Student Affairs,Hatfield,Studentesake,,Merero ya Baithuti
up_glossary_campus_69,Marketing Services,Bemarkingsdienste,,Hatfield,"Known as the ""Badkamer"" Building JuniorTukkie Community Engagement 'GW' Group Research Support UP Staff Association",Hatfield,"Bekend as die ""Badkamergebout JuniorTukkie Gemeenskaps-betrokkenheid GW-groep Navorsingsondersteuning UP-personeelvereniging",,"O tsebega bjalo ka Moago wa
Badkamer
JuniorTukkie
Go tsea karolo Setshabeng
Sehlopha sa 'GW'
Thekgo ya Dinyakisiso
Lekgotia/Mokgatlo la/wa
Badirisani ba UP"
up_glossary_campus_70,Masker Theatre,Maskerteater,,Hatfield,Drama,Hatfield,Drama,,Terama/Tiragation
up_glossary_campus_71,Mathematics,Wiskunde,,Hatfield,Insurance and Actuarial Science Mathematics and Applied Mathematics,Hatfield,Versekering en Aktuarièle Wetenskap Wiskunde en Toegepaste Wiskunde,,"Saense ya Insorense le
Akturaele
Mmetse le Mmetse wa Tiriso"
up_glossary_campus_72,Meraai,Meraai,,Hatfield,Staff Houses,Hatfield,Personeelhuise,,Dintlo tsa Badirisani
up_glossary_campus_73,Merensky 2 Library,Merensky 2-biblioteek,,Hatfield,Information Science Library Services,Hatfield,Inligtingkunde Biblioteekdienste,,"Saense ya Tshedimoo
Ditirelo tsa Bokgobapuku"
up_glossary_campus_74,Microelectroni CS,Mikro-elektronika,,"Carl and
Emily Fuchs
Institute for
Microelectroni
cs / Hatfield","Electric, Electronic and Computer Engineering","Carl
en Emily Fuchs-
instituut vir Mikro-
elektronika / Hatfield","Elektriese, Elektroniese en Rekenaaringenieurswese",,"Boentsenere bja Khomphutha,
Mohlagase le Elektroniki"
up_glossary_campus_75,Mineral Sciences,Mineraalwetenskappe,,Hatfield,Geology IMMRI  Materials Science and Metallurgical Engineering Mining Engineering,Hatfield,Geologie IMMRI Materiaalkunde en Metallurgiese Ingenieurswese Mynbou-ingenieurswese,,"Geologi
IMMRI 
Seanse ya
Dimateriale/didiriswa le
Boentsenere bja
Metaletsikhale
Boentsenere bja Meepo"
up_glossary_campus_76,Monastery Hall,Kloostersaal,,Hatfield,Student Development,Hatfield,Studenteontwikkeling,,"Tsweletsopele/Kaonafatso/Tlh
abollo ya Baithuti"
up_glossary_campus_77,Musaion and Amphitheatre,Musaion en Amfiteater,,Hatfield,Property Management: Theatres and Halls,Hatfield,Eiendomsbestuur: Teaters en Sale,,"Taolo ya Thoto: Ditheetha le
Diholo"
up_glossary_campus_78,Musaion glass foyer,Musaion-glasfoyer,,Hatfield,,Hatfield,,,
up_glossary_campus_79,Music,Musiek,,Hatfield,Music; Music Library,Hatfield,Musiek; Musiekbiblioteek,,"Mmino; Bokgobapuku bja
Mmino"
up_glossary_campus_80,Natural Sciences 1,Natuurwetenskappe 1,,Hatfield,Chemistry Physics Physiology Toxicology Unit,Hatfield,Chemie Fisika Fisiologie Toksikologie-eenheid,,"Khemistri
Fisika
Fisioloti
Lekala la Thoksioloti"
up_glossary_campus_81,Natural Sciences 2,Natuurwetenskappe 2,,Hatfield,Computer Service Centre Electron Microscope (Agricultural Economics) Geology Information Technology Laboratory for Microscopy and Microanalysis Mechanical and Aeronautical Engineering,Hatfield,Rekenaardienssentrum Elektronmikroskoop (Landbou- ekonomie) Geologie Inligtingtegnologie Laboratorium vir Mikroskopie en Mikroanalise Meganiese en Lugvaartkundige Ingenieurswese,,"Senthara ya Ditirelo tsa
Dikhomphutha
Maekroskopo ya Elektrone
(Diekonomi tsa Temo)
Geologi
Tshedimoo ya Theknoloti
Laporotori ya Maekroskopi le
Tlhopollo/Phetleko/Tshekatshe
ko ye nyenyane
Boentsenere bja Semotshene
le Aeronathikale"
up_glossary_campus_82,Nursery School,Kleuterskool,,Hatfield,Communication Pathology,Hatfield,Kommunikasiepatologie,,Phatholoti ya Kgokagano
up_glossary_campus_83,Old Agriculture,Ou Landbou,,Hatfield,Consumer Sciences Food Science,Hatfield,Verbruikerswetenskappe Voedselwetenskap,,"Disaense tsa Bareki
Saense ya Dijo"
up_glossary_campus_84,Old Arts,Ou Lettere,,Hatfield,UP Archives UP Arts UP Arts Observation Conservation Facility UP Museums,Hatfield,UP Argief UP Kunste UP Kunste Voorwerpbewarings- fasiliteit UP Museums,,"Bolotadingwalwa bja UP
Bokgabo bja UP
Senolofati sa Pabalelo ya
Temogo ya Bokgabo bja UP
Dimuseamo tsa UP"
up_glossary_campus_85,Old Chemistry,Ou Chemie,,Hatfield,Blue Room Campus Kiosk Information Governance Project Language Unit Quality Unit Web Office,Hatfield,Blou Kamer Kampuskiosk Inligtingbestuursprojek Taaleenheid Kwaliteitseenheid Webkantoon,,"Phaposi ye Talalerata
Kiosk ya Khamphase
Protseke ya Taolo ya
Tshedimoo
Lekala la Dipolelo/Maleme
Lekala la Boleng
Ofisi ya Wepe"
up_glossary_campus_86,Old Merensky,Ou Merensky,,Hatfield,Edoardo Villa Museum and Collection Mimi Coertse Collection Van Wouw Collection,Hatfield,Edoardo Villa-museum en -versameling Mimi Coertse-versameling Van Wouw-versameling,,"Museamo wa Edoardo Villa le
Kgobokanyo/ Kgoboketo
Kgobokanyo/Kgoboketso ya
Mimi Coertse
Kgobokanyo/Kgoboketso ya
Van Wouw"
up_glossary_campus_87,Op't Hoek,Op't Hoek,,Hatfield,Student Affairs,Hatfield,Studentesake,,Merero ya Baithuti
up_glossary_campus_88,'Ou Kantoortjie*,Ou Kantoortjie,,Hatfield,Student Affairs,Hatfield,Studentesake,,Merero ya Baithuti
up_glossary_campus_89,Plant Sciences Complex,Plantwetenskappe- kompleks,,Hatfield,Plant Science,Hatfield,Plantkunde,,Saense ya Dimela
up_glossary_campus_90,'Pophuis',Pophuis,,Hatfield,Student Affairs,Hatfield,Studentesake,,Merero ya Baithuti
up_glossary_campus_91,Rautenbach Hall,Rautenbachsaal,,and Aula / Hatfield,Property Management: Theatres and Halls,"en
Aula / Hatfield",Eiendomsbestuur: Teaters en Sale,,"Taolo ya Thoto: Ditheetha le
Diholo"
up_glossary_campus_92,Roper Street main entrance,Roperstraat- hoofingang,,Hatfield,Security Services,Hatfield,Veiligheidsdienste,,Ditirelo tsa Tshireletso
up_glossary_campus_93,Stoneman,Stoneman,,Hatfield,Geology,Hatfield,Geologie,,Geologi
up_glossary_campus_94,Student Affairs,Studentesake,,Hatfield,Head: Student Affairs Student Support,Hatfield,Hoof: Studentesake Studenteondersteuning,,"Hlogo: Merero ya Baithuti
Thekgo ya Baithuti"
up_glossary_campus_95,Student Centre,Studentesentrum,,Hatfield,Student Development Xerox Coffee Buzz Bookmark Bookshop Fego Takeaway restaurants,Hatfield,Studenteontwikkeling Xerox Coffee Buzz Bookmark-boekwinkel Fego Wegneemrestaurante,,"Tweletsopele/Kaonafatso/Tlh
abollo ya Baithuti
Xerox
Coffee Buzz
Lebenkele la Dipuku la
Bookmark
Fego
Restorante ya go reka wa
sepela"
up_glossary_campus_96,Student Health Services,Studentegesondheidsd ienste,,Hatfield,Student Health Services,Hatfield,Studentegesondheidsdienste,,"Ditirelo tsa Maphelo tsa
Baithuti"
up_glossary_campus_97,Study Centre,Studiesentrum,,Hatfield,Merensky Library,Hatfield,Merenskybiblioteek,,Bokgobapuku bja Merensky
up_glossary_campus_98,Technical Services,Tegniese Dienste,,Hatfield,"Facilities Management (Campus Services, Maintenance Management, Planning and Administration, Project Management) Genetics (bio-labs) Music (Music Therapy Unit) Printing Works School of Information Technology Sci-Enza (Discovery Centre and Exploratorium) Visual Arts",Hatfield,"Fasiliteitebestuur (Kampusdienste, Onderhoudsbestuur, Beplanning en Voorsiening, Projekbestuur) Genetika (biolaboratoriums) Musiek (Musiekterapie-eenheid) Drukkery Skool vir Inligtingtegnologie Sci-Enza (Ontdekkingsentrum en Eksploratorium) Visuele Kunste",,"Taolo ya Dinolofati (Ditirelo
tsa Khamphase, Taolo ya
Tlhokomelo, Peakanyo le
Taolo, Taolo ya Protseke)
Leabela (Dilaporotori tsa
payolotsi/thutaphedi)
Mmino (Lekala la Terapi ya
Mmino)
Moomo wa Kgatiso
Sekolo sa Theknoloti ya
Tshedimoso
Sci-Enza (Senthara ya
Khumano le Eksplorotoriamo)
Bokgabo bja Pono"
up_glossary_campus_99,Theology,Teologie,,Hatfield,Biblical and Religious Studies Centre for Continuing Ministerial DevelopmentChurch History and Church Polity Curatorium of the Dutch Reformed Church Centre for Contextual Ministry Dogmatics and Christian Ethics Institute for Missiology and Ecumenical Research New Testament Studies Old Testament Studies Practical Theology Reformed Theological College Science of Religion and Missiology Theology: Dean's Office,Hatfield,Bybel- en Godsdienskunde Sentrum vin Voortgesette BedieningsontwikkelingKerkgeskiedenis en Kerkreg Kuratorium van die Nederduits Gereformeerde Kerk Sentrum vir Kontekstuele Bediening Dogmatiek en Christelike Etiek Instituut vir Sendingwetenskaplike Navorsing Nuwe-Testamentiese Wetenskap Ou-Testamentiese Wetenskap Praktiese Teologie Hervormde Teologiese Kollege Godsdiens- en Sendingwetenskap Teologie: Dekaanskantoon,,"Dithuto tsa Bibele le Bodumedi
Senthara ya
Tsweletsopele/Kaonafatso/Tlhabollo ya Boruti bjo bo
Tsweletswago
Histori ya Kereke le Mokgatlo
wa Kereke
Mokgatlo wa Kereke ye e
Mpshafaditswego ya Seholane
Senthara ya Boruti bja
Diteng/Tswalano
Boitshwaro bja Borapedi le
Sekriste
Institute ya Misiologi le
Dinyakisiso/Diphatisiso tsa
Ekhumenikhale
Dithuto tsa Testamente ye
Mpsha
Dithuto tsa Testamente ya
Kgale
Thutatumelo ya Tiriso
Kholetshe ye e
Mpshafaditwego ya
Thutatumelo
Saense ya Tumelo/Bodumedi
le Misiologi
Thutatumelo: Ofisi ya Hlogo ya
Lefapha"
up_glossary_campus_100,Thuto,Thuto,,Hatfield,Lecture Hall Complex,Hatfield,Lesingsaalkompleks,,Meago ya Diphaposiborutelo
up_glossary_campus_101,Tourism House,Toerismehuis,,Hatfield,Tourism Management,Hatfield,Toerismebestuur,,Taolo ya Boeti
up_glossary_campus_102,Tukkiewerf,Tukkiewerf,,Hatfield,Student Development,Hatfield,Studenteontwikkeling,,"Tweletsopele/Kaonafatso/Tlh
abollo ya Baithuti"
up_glossary_campus_103,Tuks Village houses and laundry,Tuks Village-huise en wassery,,Hatfield,Tuks Village,Hatfield,Tuksdorp,,Motse wa Tuks
up_glossary_campus_104,TuksSport Village,TuksSport Village,,Hatfield,Rental houses (Facilities and Services),Hatfield,Huurhuise (Fasiliteite en Dienste),,"Dintlo tsa go Rentiwa
(Dinolofati le Ditirelo)"
up_glossary_campus_105,Van der Graaf Accelerator,Van der Graaf- versneller,,Hatfield,Physics,Hatfield,Fisika,,Fisika
up_glossary_campus_106,Vergeet-My- Nie bicycle shed,Vergeet-My-Nie- fietsloods,,Hatfield,Security Services,Hatfield,Veiligheidsdienste,,Ditirelo tsa Tshireletso
up_glossary_campus_107,Vetman,Vetman,,Hatfield,Plant Science,Hatfield,Plantkunde,,Saense ya Dimela
up_glossary_campus_108,Visual Arts,Visuele Kunste,,Hatfield,Security Services Visual Arts,Hatfield,Veiligheidsdienste Visuele Kunste,,"Ditirelo tsa Tshireletso
Bokgabo bja Pono"
up_glossary_campus_109,Vygie,Vygie,,Hatfield,Student Affairs,Hatfield,Studentesake,,Merero ya Baithuti
up_glossary_campus_110,Zoology,Dierkunde,,Hatfield,Mammal Research Institute (MRI) Zoology and Entomology,Hatfield,Soogdiernavorsingsinstituut (SNI) Dierkunde en Entomologie,,"Institute ya Dinyakisito tsa
Diamusi
Thutadiphoofolo le Entomoloti"
up_glossary_campus_111,Ablution facilities at rugby,Ablusiegeriewe by rugbyvelde,,Hillcrest,"TuksSport, Sports Research and Training",Hillcrest,"TuksSport, Sportnavorsing en -opleiding",,
up_glossary_campus_112,Ablution facilities north-east of sports fields,Ablusiegeriewe noordoos van sportvelde,,Hillcrest,Sport and Property Management,Hillcrest,Sport- en Eiendomsbestuur,,
up_glossary_campus_113,Athletics Club House,Atletiekklubhuis,,Hillcrest,TuksSport,Hillcrest,TuksSport,,
up_glossary_campus_114,Athletics pavilion,Atletiekpawiljoen,,Hillcrest,TuksSport,Hillcrest,TuksSport,,
up_glossary_campus_115,Change rooms sports fields,Sportterrein-verkleegeriewe,,Hillcrest,TuksSport,Hillcrest,TuksSport,,
up_glossary_campus_116,'Sinkstoor',Sinkstoor,,Hillcrest,Main Experimental Farm,Hillcrest,Hoofproefplaas,,
up_glossary_campus_117,Cricket Club House,Krieketklubhuis,,Hillcrest,TuksSport,Hillcrest,TuksSport,,
up_glossary_campus_118,Daan Swiegers Club House,Daan Swiegers-klubhuis,,Hillcrest,TuksSport,Hillcrest,TuksSport,,
up_glossary_campus_119,Farmyard,Plaaswerf,,Hillcrest,Terrain Services,Hillcrest,Terreindienste,,
up_glossary_campus_120,Hockey Club House,Hokkieklubhuis,,Hillcrest,TuksSport,Hillcrest,TuksSport,,
up_glossary_campus_121,hpc Residence Lockers 1-4,hpc-koshuissluitkassies1-4,,Hillcrest,high performance centre,Hillcrest,high performance centre,,
up_glossary_campus_122,High Performance Centre,High Performance Centre,,Hillcrest,Legacy Room,Hillcrest,Legacy-lokaal,,
up_glossary_campus_123,Indoor Sports Centre,Binnenshuise Sportsentrum,,Hillcrest,"Biokinetics, Sport and Leisure, Sciences, Facilities: Property Management, Institute for Sports Research, Rental houses (Facilities and Services), Security Services, Sports Centre Cafeteria, Sports Centre Restaurant, TuksSport",Hillcrest,"Biokinetika, Sport- en, Vryetydswetenskappe, Fasiliteite: Eiendomsbestuur, Instituut vir Sportnavorsing, Huurhuise (Fasiliteite en Dienste), Veiligheidsdienste, Sportsentrumkafeteria, Sportsentrumrestaurant, TuksSport",,
up_glossary_campus_124,Rag Farm ablution facilities,Joolplaasablusiegeriewe,,Hillcrest,Student Development,Hillcrest,Studenteontwikkeling,,
up_glossary_campus_125,Rag Farm amphi-stage,Joolplaas-amfiverhoog,,Hillcrest,Student Development,Hillcrest,Studenteontwikkeling,,
up_glossary_campus_126,Rag Farm beer garden shed,Joolplaasbiertuinafdak,,Hillcrest,Student Development,Hillcrest,Studenteontwikkeling,,
up_glossary_campus_127,Rag Farm beer garden stage,Joolplaasbiertuinverhoog,,Hillcrest,Student Development,Hillcrest,Studenteontwikkeling,,
up_glossary_campus_128,Rag Farm float building shed,Joolplaasvlotbouafdak,,Hillcrest,Student Development,Hillcrest,Studenteontwikkeling,,
up_glossary_campus_129,Rag Farm ticket office,Joolplaaskaartjiekantoon,,Hillcrest,Student Development,Hillcrest,Studenteontwikkeling,,
up_glossary_campus_130,Rugby Club House,Rugbyklubhuis,,Hillcrest,TuksSport,Hillcrest,TuksSport,,
up_glossary_campus_131,Rugby Pavilion,Rugbypawiljoen,,LC de Villiers Stadium / Hillcrest,Sport and Property Management,LC de Villiers-stadion / Hillcrest,Sport- en Eiendomsbestuur,,
up_glossary_campus_132,Shed roof at Uitspan,Afdak by Uitspan,,Hillcrest,Human Resources,Hillcrest,Menslike Hulpbronne,,
up_glossary_campus_133,Squash courts,Muurbalbane,,Hillcrest,TuksSport,Hillcrest,TuksSport,,
up_glossary_campus_134,Swimming pool and changerooms,Swembad en kleedkamers,,Hillcrest,TuksSport,Hillcrest,TuksSport,,
up_glossary_campus_135,Swimming pool guard house,Swembadwaghuis,,Hillcrest,Sport and Property Management,Hillcrest,Sport- en Eiendomsbestuur,,
up_glossary_campus_136,Swimming pool pump room,Swembadpompkamer,,Hillcrest,Sport and Property Management,Hillcrest,Sport- en Eiendomsbestuur,,
up_glossary_campus_137,Tennis Club House,Tennisklubhuis,,Hillcrest,TuksSport,Hillcrest,TuksSport,,
up_glossary_campus_138,Uitspan Personnel Centre,Uitspan-personeelsentrum,,Hillcrest,Human Resources,Hillcrest,Menslike Hulpbronne,,
up_glossary_campus_139,Academic offices,Akademiese kantore,Diofisi tša thuto,Mamelodi,,Mamelodi,,,
up_glossary_campus_140,Administration and main entrance,Administrasie en hoofingang,Taolo le botseno bjo bogolo,Mamelodi,,Mamelodi,,,
up_glossary_campus_141,Arena,Arena,Arena,Mamelodi,,Mamelodi,,,
up_glossary_campus_142,Conference Hall,Konferensiesaal,Holo ya Dikhonferense,Mamelodi,,Mamelodi,,,
up_glossary_campus_143,Education / Geography,Opvoedkunde / Geografie,Thuto / Thutafase,Mamelodi / Mamelodi, / ,Mamelodi / Mamelodi, / ,, / 
up_glossary_campus_144,Fisika en Chemie,Physics and Chemistry,Fisika le Khemistri,Mamelodi,,Mamelodi,,,
up_glossary_campus_145,Guard house,Hekwaghuis,Ntlo ya bahlapetši,Mamelodi,,Mamelodi,,,
up_glossary_campus_146,Library,Biblioteek,Bokgobapuku,Mamelodi,,Mamelodi,,,
up_glossary_campus_147,Psychology,Sielkunde,Saekolotši,Mamelodi,,Mamelodi,,,
up_glossary_campus_148,Registration,Registrasie,Boingwadišo,Mamelodi,,Mamelodi,,,
up_glossary_campus_149,Science Centre,Wetenskapsentrum,Senthara ya Disaense,Mamelodi,,Mamelodi,,,
up_glossary_campus_150,Technical Services,Tegniese Dienste,Ditirelo tša Thekniki,Mamelodi,,Mamelodi,,,
up_glossary_campus_151,Anatomy,Anatomie,,Onderstepoort,Anatomy and Physiology,Onderstepoort,Anatomie en Fisiologie,,
up_glossary_campus_152,"Animal Experimental Unit No 1, 2, 3, 4, 5","Proefdiereenheid Nr 1, 2, 3, 4, 5",,Onderstepoort,"Veterinary Science: Administration, Ovaru/Ovane",Onderstepoort,"Veeartsenykunde: Administrasie, Ovaru/Ovane",,
up_glossary_campus_153,Arnold Theiler,Arnold Theiler,,Onderstepoort,"Director: Information Technology, Investment Management, Minolta, Onderstepoort Cafeteria, Student Health Services, Veterinary Science Library, Veterinary Science: Administration",Onderstepoort,"Direkteur: Inligtingtegnologie, Beleggingsbestuur, Minolta, Onderstepoortkafeteria, Studentegesondheidsdienste, Veeartsenykundebiblioteek, Veeartsenykunde: Administrasie",,
up_glossary_campus_154,Change rooms,Kleedkamers,,Onderstepoort,Veterinary Science: Administration,Onderstepoort,Veeartsenykunde: Administrasie,,
up_glossary_campus_155,Dog and cat kennels,Honde- en kathokke,,Onderstepoort,Onderstepoort Teaching Animal Unit,Onderstepoort,Onderstepoort-onderrigdiereenheid,,
up_glossary_campus_156,Equine Research Unit No 1,Perdenavorsingseenheid Nr 1,,Onderstepoort,Equine Research Centre,Onderstepoort,Perdenavorsingsentrum,,
up_glossary_campus_157,Faculty Building,Fakulteitsgebou,,Ethology and Physiology / Onderstepoort,"Anatomy and Physiology, Animal Production and Ethology, Blood-group Laboratory, Department of Companion Animal Clinical Studies, Director: Information Technology Services, DNA Laboratory, Facilities Management: Maintenance Services, Plant Science",Etologie en Fisiologie / Onderstepoort,"Anatomie en Fisiologie, Diereproduksie en Etologie, Bloedgroeplaboratorium, Departement Geselskapdier, Kliniese Studies, Direkteur: Inligtingtegnologie, DNA-laboratorium, Fasiliteitebestuur: Onderhouds-dienste, Plantkunde",,
up_glossary_campus_158,Faculty workshop,Fakulteitswerkswinkel,,Onderstepoort,Veterinary Science: Administration,Onderstepoort,Veeartsenykunde: Administrasie,,
up_glossary_campus_159,"Feed stores 3, 4","Voerstore 3, 4",,Onderstepoort,"Onderstepoort Cafeteria, Onderstepoort Teaching Animal Unit, Veterinary Science: Administration",Onderstepoort,"Onderstepoort-kafeteria, Onderstepoort-onderrigdiereenheid, Veeartsenykunde: Administrasie",,
up_glossary_campus_160,Feeding store,Voerskuur,,Onderstepoort,Onderstepoort Teaching Animal Unit,Onderstepoort,Onderstepoort-onderrigdiereenheid,,
up_glossary_campus_161,Formalin store,Formalienberging,,Onderstepoort,Anatomy and Physiology,Onderstepoort,Anatomie en Fisiologie,,
up_glossary_campus_162,Garage,Voertuigstoor,,Onderstepoort,"Facilities Management: Maintenance Services, Veterinary Science: Administration",Onderstepoort,"Fasiliteitebestuur: Onderhouds-dienste, Veeartsenykunde: Administrasie",,
up_glossary_campus_163,Incinerator,Verbrander,,Onderstepoort,Veterinary Science: Administration,Onderstepoort,Veeartsenykunde: Administrasie,,
up_glossary_campus_164,Milk foyer,Melkportaal,,Onderstepoort,Onderstepoort Teaching Animal Unit,Onderstepoort,Onderstepoort-onderrigdiereenheid,,
up_glossary_campus_165,Onderstepoort Veterinary Animal Hospital,Onderstepoort Veeartsenykundige Dierehospitaal,,OVAH / Onderstepoort,"Department of Companion Animal, Clinical Studies, Director: Information Technology, Eye Clinic (Ophthalmology VAH), Fancy Bird Clinic, Production Animal Studies, Tooth Clinic (VAH), Onderstepoort Veterinary, Academic Hospital, Veterinary Wildlife Unit",OVAH / Onderstepoort,"Departement Geselskapdier, Kliniese Studies, Direkteur: Inligtingtegnologie, Oogkliniek (Oftalmologie VAH), Siervoëlkliniek, Produksiedierstudies, Tandkliniek (VAH), Onderstepoort- Veeartsenykundige, Akademiese Hospitaal, Veeartsenykundige Wildlewe-eenheid",,
up_glossary_campus_166,Paraclinical,Paraklinies,,Onderstepoort,"Education Media, Equine Research Centre,Ovaru/Ovane, P+T Laboratory Department, Paraclinical Sciences Pharmacology: DPCS, Residence Affairs and Accommodation Toxicology: DPCS, Veterinary Tropical Diseases, Vigilance Centre DPCS, VRA Laboratory:DPCS",Onderstepoort,"Onderrigmedia, Perdenavorsingsentrum, Ovaru/Ovane, P+T Laboratoriumdepartement, Parakliniese Wetenskappe, Farmakologie: DPCS Koshuisaangeleenthede en Akkommodasie, Toksikologie: DPCS, Veterinêre Tropiese Siektes, Waaksaamheidsentrum DPCS, VRA-laboratorium: DPCS",,
up_glossary_campus_167,Pathology,Patologie,,Onderstepoort,"Milk Unit, Paraclinical Sciences, Pathology Laboratory: DPCS, Pathology: DPCS Building, Veterinary Public Health (DPCS)",Onderstepoort,"Melkeenheid, Parakliniese Wetenskappe, Patologielaboratorium: DPCS, Patologie: DPCS-gebou, Veeartsenykundige Openbare Gesondheid ( DPCS)",,
up_glossary_campus_168,Pathology Stable,Patologiestal,,Onderstepoort,Veterinary Science: Administration,Onderstepoort,Veeartsenykunde: Administrasie,,
up_glossary_campus_169,Pavilion,Pawiljoen,,Onderstepoort,Onderstepoort Teaching Animal Unit,Onderstepoort,Onderstepoort-onderrigdiereenheid,,
up_glossary_campus_170,Production Animal Studies,Produksiedierstudies,,Onderstepoort,"Veterinary Tropical Diseases, Production Animal Studies, Herd Health, Poultry Reference Laboratories, Director: Information Technology, Veterinary Science: Administration Epidemiology",Onderstepoort,"Veterinêre Tropiese Siektes, Produksiedierstudies, Kuddegesondheid, Pluimvee-verwysingslaboratoriums, Direkteur: Inligtingtegnologie, Veeartsenykunde: Administrasie Epidemiologie",,
up_glossary_campus_171,Sheep and cattle stables,Skaap- en beesstalle,,Onderstepoort,"Blood-group Laboratory, Onderstepoort Teaching Animal Unit, Veterinary Science: Administration",Onderstepoort,"Bloedgroeplaboratorium, Onderstepoort-onderrigdiereenheid, Veeartsenykunde: Administrasie",,
up_glossary_campus_172,Site Building,Terreingebou,,Onderstepoort,Facilities Management and Administration,Onderstepoort,Fasiliteitebestuur en Administrasie,,
up_glossary_campus_173,Squash courts,Muurbalbane,,Onderstepoort,Sports Research TuksSport,Onderstepoort,Sportnavorsing TuksSport,,
up_glossary_campus_174,Veterinary Science residence parents' house,Veeartsenykunde-koshuisouerswoning,,Onderstepoort,Staff houses,Onderstepoort,Personeelhuise,,
up_glossary_campus_175,Veterinary Science: Student Club House,Veeartsenykunde: Studenteklubhuis,,Onderstepoort,Veterinary Science: Administration,Onderstepoort,Veeartsenykunde: Administrasie,,
up_glossary_campus_176,Animal Laboratory,Dierelaboratorium,,Prinshof,Institute for Pathology,Prinshof,Instituut vir Patologie,,
up_glossary_campus_177,Basic Medical Sciences,Basiese Mediese Wetenskappe,,Prinshof,"Cafeteria BMW, Central Laboratory Complex, Community Health, Health Sciences: General, Medicine: Administration, Library BMW, Pharmacology, Surgery, Physiology",Prinshof,"Kafeteria BMW, Sentrale Rekenaarlaboratorium-kompleks, Gemeenskapsgesondheid, Gesondheidswetenskappe: Algemeen, Geneeskunde: Administrasie, Biblioteek BMW, Farmakologie, Chirurgie, Fisiologie",,
up_glossary_campus_178,Caretaker residence and garage,Opsigterswoning en -motorhuis,,Prinshof,Rental houses (Facilities and Services),Prinshof,Huurhuise (Fasiliteite en Dienste),,
up_glossary_campus_179,Daspoort Polyclinic and Outbuilding,Daspoort-polikliniek en -buitegebou,,Prinshof,Haematology,Prinshof,Hematologie,,
up_glossary_campus_180,Gas Storage,Gasberging,,Prinshof,Institute for Pathology,Prinshof,Instituut vir Patologie,,
up_glossary_campus_181,Health Sciences,Gesondheidswetenskappe,,Old Faculty Building / Prinshof,"Cafeteria: Clinical, Central Computer Laboratory, Complex, Director: Information Technology, Service, Health Sciences: General, Library: Clinical, Medicine: Administration, Research Development, Student Development",OuFakulteitsgebou / Prinshof,"Kafeteria: Klinies, Sentrale Rekenaarlaboratorium kompleks, Direkteur: Inligtingtegnologiediens, Gesondheidswetenskappe: Algemeen, Biblioteek: Klinies, Geneeskunde: Administrasie, Navorsingsontwikkeling, Studenteontwikkeling",,
up_glossary_campus_182,Hippokrates Residence,Hippokrates-koshuis,,Prinshof,Medical Residence Hippokrates,Prinshof,Mediese Koshuis Hippokrates,,
up_glossary_campus_183,HW Snyman South,HW Snyman-suid,,Prinshof,"Anaesthesiology, Cardiology, Cardiothoracic Surgery, Central Computer Laboratory, Complex, Child Health, Director: Information Technology, Family Medicine, Medicine: Administration, Human Nutrition, Internal Medicine, Library: Clinical, Health Sciences: General, Neurology, Neurosurgery, Nursing, Obstetrics and Gynaecology, Ophthalmology, Physiotherapy, Psychiatry, Radiographic Sciences, Radiology, Studio Education Innovation, Surgery, Urology",Prinshof,"Anestesiologie, Kardiologie, Kardiotorakale Chirurgie, Sentrale Rekenaarlaboratorium kompleks, Kindergeneeskunde, Direkteur: Inligtingtegnologie, Huisartskunde, Geneeskunde: Administrasie, Mensvoeding, Interne Geneeskunde, Biblioteek: Klinies, Gesondheidswetenskappe: Algemeen, Neurologie, Neurochirurgie, Verpleegkunde, Obstetrie en Ginekologie, Oogheelkunde, Fisioterapie, Psigiatrie, Radiografiese Wetenskappe, Radiologie, Ateljee-onderwysinnovasie, Chirurgie, Urologie",,
up_glossary_campus_184,Klinikala,Klinikala,,Prinshof,"Health Sciences: General, Anaesthesiology, Surgery, Family Medicine, Internal Medicine, Medical Oncology, Child Health, Orthopaedics, Radiology, Obstetrics and Gynaecology, Nursing, Urology, Neurology, Medicine: Administration, Cafeteria: Kalafong, Library: Kalafong",Prinshof,"Gesondheidswetenskappe: Algemeen, Anestesiologie, Chirurgie, Huisartskunde, Interne Geneeskunde, Mediese Onkologie, Kindergeneeskunde, Ortopedie, Radiologie, Obstetrie en Ginekologie, Verpleegkunde, Urologie, Neurologie, Geneeskunde: Administrasie, Kafeteria: Kalafong, Biblioteek: Kalafong",,
up_glossary_campus_185,New Prinshof Lecture Hall Complex,Nuwe Prinshof-lesingsaalkompleks,,Prinshof,,Prinshof,,,
up_glossary_campus_186,Occupational Therapy,Arbeidsterapie,,Prinshof,Occupational Therapy,Prinshof,Arbeidsterapie,,
up_glossary_campus_187,Oral and Dental Hospital,Hospitaal vir Tand- en Mondheelkunde,,Prinshof,"Centre for Stomatological, Research, Community Dentistry, Dental Management Sciences, Dentistry: General, Maxillofacial and Oral Surgery (MFOS), Mouth Pathology and Mouth Biology, Odontology, Orthodontics, Periodontics and Oral Medicine, Prosthodontics, Studio Education Innovation",Prinshof,"Sentrum vir Stomatologiese Navorsing, Gemeenskapstandheelkunde, Tandheelkundige Bestuurs wetenskappe, Tandheelkunde: Algemeen, Maksillofasiale en Mondchirurgie (MFOS), Mondpatologie en Mondbiologie, Odontologie, Ortodonsie, Periodonsie en Mondgeneeskunde, Prostodonsie, Ateljee-onderwysinnovasie",,
up_glossary_campus_188,Pathology,Patologie,,Prinshof,"Chemical Pathology, Forensic Medicine, Haematology, Medical Microbiology, Anatomical Pathology, Urology, Medical Virology, Human Genetics and Development, Immunology, Hans Snyckers Institute, AEK Institute for Life Sciences, Institute for Pathology, National Health Laboratories",Prinshof,"Chemiese Patologie, Geregtelike Geneeskunde, Hematologie, Geneeskundige Mikrobiologie, Anatomiese Patologie, Urologie, Geneeskundige Virologie, Mensgenetika en Ontwikkelings biologie, Immunologie, Hans Snyckers-instituut, AEK-instituut vir Lewens wetenskappe, Instituut vir Patologie, Nasionale Gesondheids laboratoriums",,
up_glossary_campus_189,Rabbit hutch,Konynstal,,Prinshof,Institute for Pathology,Prinshof,Instituut vir Patologie,,
up_glossary_campus_190,Service Quarters / Service office,Dienskwartiere / kantore,,Prinshof / Prinshof,Medicine: Administration / Medicine: Administration,Prinshof / Prinshof,Geneeskunde: Administrasie / Geneeskunde: Administrasie,,
up_glossary_campus_191,Steve Biko Hospital,Steve Biko-hospitaal,,former Pretoria Academic Hospital / Prinshof,"UP portion / Anaesthesiology, Anatomical Pathology, Child Health, Family Medicine, Medicine: Administration, Human Genetics and Development, Internal Medicine, Medical Oncology, Health Sciences: General, Neurosurgery, Nuclear Medicine, Nursing, Obstetrics and Gynaecology, Occupational Therapy, Ophthalmology, Orthopaedics, Physiotherapy, Psychiatry, Radiographic Sciences, Surgery, Urology",voorheen Pretoria Akademiese Hospitaal / Prinshof,"UP-gedeelte / Anestesiologie, Anatomiese Patologie, Kindergeneeskunde, Huisartskunde, Geneeskunde: Administrasie, Mensgenetika en Ontwikkelings biologie, Interne Geneeskunde, Mediese Onkologie, Gesondheidswetenskappe: Algemeen, Neurochirurgie, Kerngeneeskunde, Verpleegkunde, Obstetrie en Ginekologie, Arbeidsterapie, Oogheelkunde, Ortopedie, Fisioterapie, Psigiatrie, Radiografiese Wetenskappe, Chirurgie, Urologie",,
